<?xml version="1.0" encoding="UTF-8"?>
<configuration>
    <!-- 控制台 appender -->
    <appender name="STDOUT" class="ch.qos.logback.core.ConsoleAppender">
        <encoder>
            <pattern>%d{yyyy-MM-dd HH:mm:ss} [%class:%line] %-5level %logger - %msg%n</pattern>
        </encoder>
    </appender>
    <logger name="org.springframework.core.env" level="ERROR"/>
    <logger name="com.zyd.shiro" level="DEBUG"/>

    <!--控制台打印资源加载信息 -->
    <root level="ERROR">
        <appender-ref ref="STDOUT"/>
    </root>
</configuration>  