<?xml version="1.0" encoding="UTF-8"?>
<!--

    Licensed to Apereo under one or more contributor license
    agreements. See the NOTICE file distributed with this work
    for additional information regarding copyright ownership.
    Apereo licenses this file to you under the Apache License,
    Version 2.0 (the "License"); you may not use this file
    except in compliance with the License.  You may obtain a
    copy of the License at the following location:

      http://www.apache.org/licenses/LICENSE-2.0

    Unless required by applicable law or agreed to in writing,
    software distributed under the License is distributed on an
    "AS IS" BASIS, WITHOUT WARRANTIES OR CONDITIONS OF ANY
    KIND, either express or implied.  See the License for the
    specific language governing permissions and limitations
    under the License.

-->
<beans xmlns="http://www.springframework.org/schema/beans"
       xmlns:xsi="http://www.w3.org/2001/XMLSchema-instance"
       xmlns:aop="http://www.springframework.org/schema/aop"
       xmlns:c="http://www.springframework.org/schema/c"
       xmlns:p="http://www.springframework.org/schema/p"
       xmlns:util="http://www.springframework.org/schema/util"
       xsi:schemaLocation="http://www.springframework.org/schema/beans http://www.springframework.org/schema/beans/spring-beans.xsd
       http://www.springframework.org/schema/aop http://www.springframework.org/schema/aop/spring-aop.xsd
       http://www.springframework.org/schema/util http://www.springframework.org/schema/util/spring-util.xsd">

  <description>
  Configuration file for the Inspektr package which handles auditing for Java applications.
  If enabled this should be modified to log audit and statistics information the same way
  your local applications do.  The default is currently to log to the console which is good
  for debugging/testing purposes.
  </description>

  <aop:aspectj-autoproxy/> 

 <bean id="auditTrailManagementAspect" class="org.jasig.inspektr.audit.AuditTrailManagementAspect"
    c:applicationCode="CAS_Management" c:auditablePrincipalResolver-ref="auditablePrincipalResolver" 
    c:auditTrailManagers-ref="auditTrailManager" c:auditActionResolverMap-ref="auditActionResolverMap"
    c:auditResourceResolverMap-ref="auditResourceResolverMap" />
    
    <util:map id="auditActionResolverMap">
        <entry key="DELETE_SERVICE_ACTION_RESOLVER">
            <ref bean="deleteServiceActionResolver" />
        </entry>
        <entry key="SAVE_SERVICE_ACTION_RESOLVER">
          <ref bean="saveServiceActionResolver" />
        </entry>
    </util:map>
  
    <util:map id="auditResourceResolverMap">
        <entry key="DELETE_SERVICE_RESOURCE_RESOLVER">
            <ref bean="deleteServiceResourceResolver" />
        </entry>
        <entry key="SAVE_SERVICE_RESOURCE_RESOLVER">
            <ref bean="saveServiceResourceResolver" />
        </entry>
    </util:map>
   
    <bean id="saveServiceResourceResolver" class="org.jasig.inspektr.audit.spi.support.ParametersAsStringResourceResolver" />

    <bean id="deleteServiceResourceResolver" class="org.jasig.cas.audit.spi.ServiceManagementResourceResolver" />

    <bean id="saveServiceActionResolver" class="org.jasig.inspektr.audit.spi.support.DefaultAuditActionResolver"
          c:successSuffix="_SUCCESS" c:failureSuffix="_FAILED" />

    <bean id="deleteServiceActionResolver" class="org.jasig.inspektr.audit.spi.support.ObjectCreationAuditActionResolver"
          c:successSuffix="_SUCCESS" c:failureSuffix="_FAILED" />

    <bean id="auditablePrincipalResolver" class="org.jasig.inspektr.audit.spi.support.SpringSecurityAuditablePrincipalResolver" />
</beans>
