<?xml version="1.0" encoding="UTF-8" ?>
<!--

    Licensed to Apereo under one or more contributor license
    agreements. See the NOTICE file distributed with this work
    for additional information regarding copyright ownership.
    Apereo licenses this file to you under the Apache License,
    Version 2.0 (the "License"); you may not use this file
    except in compliance with the License.  You may obtain a
    copy of the License at the following location:

      http://www.apache.org/licenses/LICENSE-2.0

    Unless required by applicable law or agreed to in writing,
    software distributed under the License is distributed on an
    "AS IS" BASIS, WITHOUT WARRANTIES OR CONDITIONS OF ANY
    KIND, either express or implied.  See the License for the
    specific language governing permissions and limitations
    under the License.

-->
<!-- Specify the refresh internal in seconds. -->
<Configuration monitorInterval="60">
    <Appenders>
        <Console name="console" target="SYSTEM_OUT">
            <PatternLayout pattern="%d %p [%c] - &lt;%m&gt;%n"/>
        </Console>
        <RollingFile name="cas-management" fileName="cas-management.log" append="true"
                     filePattern="cas-management-%d{yyyy-MM-dd-HH}-%i.log.gz">
            <PatternLayout pattern="%d %p [%c] - %m%n"/>
            <Policies>
                <OnStartupTriggeringPolicy />
                <SizeBasedTriggeringPolicy size="512 KB"/>
                <TimeBasedTriggeringPolicy />
            </Policies>
        </RollingFile>
    </Appenders>
    <Loggers>
        <Logger name="org.springframework" level="warn" />
        <Logger name="org.springframework.webflow" level="warn" />
        <Logger name="org.springframework.web" level="warn" />
        <Logger name="org.springframework.security" level="warn" />

        <Logger name="org.jasig" level="debug" additivity="false">
            <AppenderRef ref="cas-management"/>
            <AppenderRef ref="console"/>
        </Logger>
        <Logger name="org.jasig.inspektr.audit.support.Slf4jLoggingAuditTrailManager" level="info">
            <AppenderRef ref="cas-management"/>
        </Logger>

        <Root level="error">
            <AppenderRef ref="console"/>
        </Root>
    </Loggers>
</Configuration>
